invoice_amount,customer_age,customer_category,payment_term,previous_late_count,previous_invoice_count,average_payment_delay,customer_tenure,discount,late
6923388,43,Wholesale,30,0,14,10,5,1.5739715341501892,0
7050634,33,Retail,14,2,4,16,8,12.07510287675226,0
4804572,51,Corporate,30,1,9,13,5,3.278634419064055,1
2734489,35,Retail,60,4,13,19,2,14.71907121030356,1
7704212,23,Corporate,30,2,18,18,3,6.024625895878164,1
4972471,56,Wholesale,30,2,15,6,6,9.267820176092926,0
5023669,40,Corporate,14,2,10,12,5,11.988610840552434,0
7904852,33,Wholesale,14,0,16,17,4,3.4254682133247916,1
5481505,50,Corporate,30,1,12,13,4,14.832756372352417,1
2266891,37,Wholesale,60,1,5,0,5,6.052806812736291,1
5021373,26,Wholesale,60,2,2,6,2,13.24743719825507,1
6519877,29,Wholesale,14,2,10,7,9,3.165661013987473,0
3844769,26,Wholesale,60,0,1,17,2,13.762353184127004,1
9680351,52,Retail,14,1,7,8,2,2.563761456209235,1
603355,42,Wholesale,60,1,17,0,9,8.507129925399672,1
1762752,40,Retail,30,1,16,16,3,4.944121474777536,0
6164789,38,Retail,14,1,3,18,7,14.96750498856365,0
9805648,38,Wholesale,14,2,14,5,4,5.240700090137491,1
6243066,55,Retail,30,1,10,2,6,17.634346127907925,0
6613790,48,Corporate,14,2,7,4,4,17.836404228132256,1
5221339,37,Wholesale,60,1,17,1,7,3.928826304455717,0
3775709,21,Retail,60,0,6,19,1,12.276918900154485,1
584654,20,Wholesale,14,0,4,3,3,1.7543528343992865,0
5647581,24,Wholesale,60,0,17,9,3,7.830741992032584,0
2454354,39,Wholesale,14,1,9,9,1,14.266434590025446,0
8742680,30,Retail,30,0,4,10,6,13.188464936998326,1
2928388,21,Corporate,14,1,7,15,9,12.49401338813216,0
9416786,22,Corporate,30,2,2,16,8,5.6508172732488715,0
3163046,42,Retail,60,0,17,15,7,7.560498988688041,1
5999720,31,Wholesale,30,1,8,6,8,2.0589228940057236,0
7140913,39,Retail,60,3,15,15,6,14.38045640867202,1
3916664,24,Retail,14,3,15,2,9,10.077775935825471,1
3885659,56,Retail,60,2,8,15,3,14.175312646913092,1
3885357,57,Wholesale,14,1,16,7,9,4.978870495937455,0
1965689,49,Retail,14,0,19,11,4,6.488764572701324,0
568148,28,Wholesale,30,3,11,2,7,6.684306745202293,0
2325665,53,Retail,30,2,2,16,9,0.514848194944324,1
3245683,54,Corporate,30,2,17,17,2,6.82095745661247,0
4556518,41,Retail,30,0,16,10,2,16.06609147036067,1
3169995,43,Retail,60,2,15,3,9,17.94596991499477,0
5497895,36,Corporate,60,1,13,15,3,10.364366312718548,1
6897986,29,Wholesale,60,1,15,16,9,9.110033904384405,1
2370928,49,Wholesale,14,0,4,8,5,0.6164923739874051,0
4655299,42,Retail,60,2,16,5,6,17.584086751707652,1
6749859,51,Corporate,60,0,12,19,2,0.2602042685174544,0
2805413,36,Wholesale,60,2,4,1,8,18.895001604204236,0
4410197,36,Retail,30,1,3,8,9,9.784324973761812,0
6058019,33,Corporate,60,1,17,5,2,6.838689871494532,0
5914709,28,Wholesale,14,0,18,2,6,18.484368696853203,0
771836,59,Wholesale,30,2,18,19,6,0.48781986220193474,1
4084702,21,Corporate,14,0,17,5,8,11.628497897381742,0
7781369,44,Corporate,60,1,12,6,5,10.978650489986752,0
2799435,58,Corporate,30,2,4,0,9,4.3864080242276415,1
9085377,28,Corporate,14,1,12,0,1,8.577748627004212,1
3158505,41,Retail,60,3,15,4,9,13.045280118875404,0
1771741,23,Corporate,14,2,16,5,7,14.54262393763855,0
4269315,45,Wholesale,14,2,5,12,4,0.014337174131595631,1
1546797,48,Wholesale,14,1,15,1,3,18.737068601820305,1
3547262,53,Retail,60,2,17,14,6,3.290507447856248,1
1064685,42,Wholesale,60,2,18,14,1,4.671608684447184,1
3379190,56,Wholesale,14,1,5,12,3,5.269468913876965,0
6096411,30,Corporate,30,1,13,13,2,0.7564027310407062,0
1507293,25,Wholesale,30,0,19,6,9,2.4610424718064983,0
5274183,37,Retail,60,0,13,13,3,19.72699845888324,0
3866612,40,Corporate,60,1,18,9,2,6.304334747545721,0
8911855,55,Corporate,60,2,14,16,4,2.306021806780987,0
5767180,57,Retail,60,3,4,13,2,2.1398252234924664,0
8307313,53,Corporate,60,2,4,7,1,14.389199353399437,1
3204238,36,Corporate,30,1,19,3,6,17.091373280652817,0
3130708,56,Retail,60,2,13,15,8,5.1390459901693974,1
3994679,44,Corporate,14,0,12,12,2,0.4181902467046994,1
6017209,57,Retail,14,1,7,19,9,4.461800368907117,1
2267640,31,Retail,30,2,12,17,3,1.1303138159351467,1
7223771,42,Wholesale,14,3,4,13,8,2.0678987326008302,0
1785160,41,Wholesale,30,0,2,17,8,8.630162396952848,1
6580526,40,Corporate,30,0,2,4,3,4.598367417232652,0
5673036,46,Corporate,14,1,5,8,3,10.318917570508468,0
1925472,50,Retail,60,0,10,2,6,5.069875065143807,0
548984,25,Corporate,14,1,10,7,1,18.810746022058954,0
7056168,46,Retail,14,3,9,19,4,18.11887935852529,1
2004384,59,Retail,30,1,13,9,1,11.33612210020932,0
2730919,53,Corporate,14,0,7,18,3,7.088479839747723,1
7440119,31,Retail,30,0,5,2,9,7.622937640694712,0
2237095,26,Wholesale,60,1,10,10,5,8.237045662889939,1
5280450,29,Corporate,60,1,10,10,5,14.55158644269888,1
7969344,36,Wholesale,60,1,6,16,4,9.032779910376759,0
2609818,45,Corporate,14,3,19,15,3,17.13459893011795,1
2731785,40,Retail,30,0,8,6,5,18.88189571860729,0
4353339,47,Corporate,60,1,1,3,4,6.718923067578677,0
9967719,21,Wholesale,30,2,17,18,8,11.213889627513602,1
1496107,20,Retail,30,0,7,11,4,1.9011307366512886,1
7630144,55,Corporate,60,2,14,14,8,4.009380955327179,1
5045583,45,Corporate,60,0,17,10,6,8.269315334203203,0
4247389,48,Corporate,30,1,9,4,5,4.1240543180355775,0
4642807,40,Wholesale,60,0,17,4,4,17.53120981577435,0
8488004,30,Wholesale,30,0,5,14,4,3.1657251211819615,0
6745035,59,Corporate,30,1,8,17,4,9.11321643106184,1
4102279,30,Retail,60,2,6,10,9,12.113984809197513,1
6015989,55,Retail,14,3,11,11,4,13.837278163216888,0
2621690,58,Wholesale,60,1,19,1,9,7.661387394530134,0
991234,59,Retail,14,1,4,19,6,17.381981374494572,1
5901218,54,Wholesale,30,1,18,14,7,11.36638302155851,0
7414550,53,Corporate,30,4,1,19,3,8.790155608951036,0
6667294,43,Wholesale,14,2,13,3,8,1.3448126810407324,1
9786029,41,Wholesale,30,4,14,17,3,9.293789368903301,0
7406726,24,Corporate,14,3,1,5,1,16.414716816314606,1
6388794,52,Retail,14,1,11,18,5,12.29082036442631,0
8058158,55,Wholesale,30,4,17,10,2,16.643249074582368,0
7010425,39,Wholesale,14,2,4,1,6,9.880233411986111,0
9011017,38,Corporate,60,0,12,7,9,2.369234101889637,0
8387739,54,Retail,60,0,10,10,1,0.2727969167176214,1
1269598,36,Wholesale,30,1,6,4,4,6.064390934371824,0
5792895,53,Corporate,30,2,1,17,1,13.95980942995585,1
8471379,28,Wholesale,14,0,7,17,1,15.805198078833875,1
3831068,45,Corporate,14,1,16,13,8,5.915056692406589,0
3756415,21,Retail,14,0,14,9,2,9.913078417664941,0
1374371,28,Retail,14,0,6,2,1,8.422378088681633,1
6154237,28,Retail,60,0,5,8,8,8.210455687028556,1
1473548,59,Retail,60,0,18,2,4,4.62697426400301,1
3844014,36,Wholesale,30,1,15,10,3,2.7274221005891675,0
7564746,20,Wholesale,14,4,6,11,4,3.9337711646242624,1
6716204,44,Retail,14,2,19,11,5,1.106647743266922,0
5693542,59,Retail,30,1,1,2,1,3.962614836471541,0
3459034,44,Retail,14,1,1,6,1,0.18401795250758912,0
5074293,58,Wholesale,14,3,13,13,3,12.545168012719564,0
7206971,54,Retail,14,1,3,10,6,6.327508147753658,1
543585,22,Retail,14,2,10,6,1,19.462894228538172,0
3039448,56,Retail,14,2,3,9,2,3.874341015525957,1
609556,49,Corporate,30,1,9,10,7,6.916571406191878,0
2075557,57,Retail,14,0,8,14,1,7.156823172830665,0
8806461,53,Corporate,30,0,3,18,7,0.1690299212492108,1
2509021,31,Corporate,14,1,13,15,4,16.78415906078918,0
1701482,38,Retail,60,1,6,19,6,0.6398892028864944,1
1042335,56,Corporate,60,1,13,11,8,18.803596694584826,0
4770070,36,Retail,60,1,12,17,9,17.841487021872414,1
7200379,29,Wholesale,60,0,13,12,6,10.710438321719272,0
4060920,31,Wholesale,30,1,2,4,9,10.871911498225842,1
7360006,35,Wholesale,30,1,16,3,4,13.075558459123126,1
2984413,43,Wholesale,14,1,6,13,6,7.7410002386977395,1
3407360,38,Corporate,60,0,19,7,8,12.94444566795711,0
6395544,27,Retail,30,1,13,8,9,0.8953677737697374,1
6197469,50,Retail,14,3,17,18,3,1.0809525469945314,1
2735000,40,Retail,14,1,9,2,2,9.144608392390888,0
7408531,36,Wholesale,30,1,17,4,6,10.9924460221207,1
4822252,42,Wholesale,60,1,2,17,4,17.75635280671638,1
6322184,56,Retail,14,4,19,0,1,2.093212678157925,0
902690,35,Wholesale,60,2,19,7,8,16.452958543877788,0
3048421,25,Retail,60,1,7,18,9,4.200946745841392,0
2454109,27,Retail,60,2,10,16,9,7.881672970200637,0
4922880,44,Retail,14,2,10,16,2,6.332048696548258,1
7705547,37,Retail,60,0,9,10,9,8.00310545730798,1
8823735,44,Retail,14,2,17,1,7,3.009909961451711,1
6957294,31,Retail,60,0,15,5,5,10.0714014880711,0
1884250,34,Retail,14,2,2,13,7,16.032851796627344,0
561087,45,Wholesale,60,2,4,2,9,8.830680207577938,0
6909907,45,Retail,30,4,19,11,8,9.812271517963982,1
1996176,51,Retail,60,0,17,3,6,16.975351705626284,1
539353,29,Wholesale,60,1,5,11,4,14.121162292760616,1
6984531,35,Wholesale,14,3,7,12,1,9.809088170395695,1
3860011,26,Wholesale,14,2,18,1,6,5.153912963783593,1
8154909,36,Retail,60,0,7,1,3,17.698534936899332,0
4759622,42,Corporate,30,2,17,14,6,11.540408033811167,1
5459617,45,Corporate,30,1,7,16,6,4.422952202213867,0
6225570,40,Wholesale,14,6,4,6,4,5.382395052760208,0
916880,41,Corporate,30,2,8,13,2,16.06266177872492,0
7572695,26,Wholesale,60,1,13,11,9,0.8829112417491092,0
7933296,33,Retail,14,1,4,16,2,19.8418437405764,0
5465050,34,Corporate,60,3,6,13,3,2.6070335942958356,1
1313168,26,Retail,14,0,5,5,1,15.921370507938748,0
725281,28,Corporate,14,0,12,18,7,7.895506335433657,0
4282875,27,Retail,14,1,4,5,1,9.844323665749338,0
3495765,42,Corporate,14,0,9,17,9,17.613011549291556,0
8234102,48,Retail,30,2,4,4,1,8.258223791784264,0
6095108,37,Retail,60,0,19,5,5,10.74987507346469,0
6174719,50,Corporate,60,1,14,1,7,0.9859932481833988,1
9158144,49,Retail,60,2,5,7,3,0.04694947734906307,1
7109280,58,Retail,14,1,18,14,9,4.895997460034518,0
6000306,54,Retail,30,3,10,14,8,13.611661858375346,1
4872093,37,Corporate,60,2,19,10,3,2.425297867182734,0
2061729,58,Corporate,30,1,12,0,5,2.2752391760909885,0
5531595,36,Retail,14,2,18,17,7,8.219212160718065,1
5978047,33,Retail,60,1,17,11,4,12.95674077216453,0
9570277,50,Corporate,30,3,11,11,5,14.24143984495861,1
1619043,43,Corporate,14,2,3,10,3,3.5690134819674957,0
7603230,54,Retail,30,1,17,7,9,1.591762947440849,0
3058231,53,Retail,60,2,1,6,9,18.807940678910885,1
7159908,22,Retail,60,2,15,1,7,5.213327651242034,0
3580389,56,Wholesale,14,3,9,10,2,17.066929952174476,0
2161909,59,Corporate,14,0,15,9,7,17.269829009256366,1
3156138,45,Wholesale,14,0,3,2,7,15.450451835250888,1
610078,42,Corporate,30,1,19,19,5,3.3766721330514016,0
2415631,58,Corporate,30,1,13,9,9,16.436029185084006,0
6814127,34,Corporate,30,1,12,17,3,15.385011184831734,1
2508187,23,Corporate,14,0,1,13,4,11.934459802124342,1
2159066,48,Corporate,60,1,17,17,1,6.744040703379055,0
2648815,41,Corporate,60,5,13,7,6,5.250172085330882,1
7855740,44,Corporate,30,2,1,9,4,2.4377842416071793,0
5006259,32,Wholesale,30,1,10,12,1,10.195141338017429,1
7973915,37,Retail,60,2,15,7,2,11.705217510196931,0
8158426,52,Retail,60,0,7,3,3,7.186779810315745,0
6904003,35,Wholesale,30,2,18,3,9,9.507181353617371,1
4635314,21,Wholesale,30,2,16,4,8,7.270289147385334,0
1410681,54,Wholesale,60,2,14,0,7,12.820121146414024,0
2107618,53,Wholesale,14,2,18,16,4,18.025184155931267,0
4396830,49,Corporate,30,0,7,1,1,3.2784052409388975,0
4836787,32,Retail,60,0,17,7,8,7.6281761980624685,0
3255423,32,Corporate,60,2,18,6,4,2.8173720790172263,0
571295,37,Retail,60,2,12,14,3,12.498875408156639,0
9632582,51,Retail,60,1,8,4,9,14.577410189771916,0
8113287,51,Wholesale,14,1,2,1,4,18.63825465194912,0
3945376,54,Corporate,60,1,7,6,4,5.577438525219298,0
5751035,58,Wholesale,30,2,4,7,9,19.004224117308603,1
4112600,48,Corporate,14,0,18,6,2,1.265253436413496,0
1325816,48,Retail,60,1,6,6,5,12.060277267291763,1
9263313,35,Wholesale,14,1,9,13,4,1.1426543868665995,0
2526793,29,Wholesale,30,1,9,17,9,17.875483755238896,1
1054594,49,Retail,60,1,14,5,5,10.596181141401082,1
9036326,44,Retail,30,0,8,3,9,13.386967015255921,0
4004473,58,Retail,60,0,19,9,9,16.63147851820905,0
7799695,39,Wholesale,60,0,3,17,2,3.006212449679375,0
2704664,24,Corporate,60,0,18,11,9,0.7718312387626769,0
4841747,20,Wholesale,60,1,5,15,3,17.577622918257042,1
1186976,49,Corporate,60,0,14,6,4,6.29866454917865,0
2972189,22,Wholesale,14,2,4,5,1,2.5795781585433053,0
9006404,33,Wholesale,60,1,7,4,1,9.36922474174173,1
1741082,49,Retail,60,0,12,2,1,11.966121513920376,0
5684502,23,Corporate,14,2,2,11,9,0.6194120684502025,0
7061000,37,Wholesale,14,1,11,14,8,5.497913165141755,0
7171458,56,Wholesale,14,0,14,9,5,0.6559974855379203,0
5392306,44,Retail,14,3,16,19,5,8.40670778390998,1
4174515,20,Retail,14,2,6,18,9,17.902000581324884,1
2079159,34,Corporate,14,1,4,15,3,19.653048229871384,1
9795925,28,Wholesale,60,0,15,10,3,12.740951070072551,0
5015488,34,Corporate,60,3,1,7,7,3.232753875691836,1
6541495,43,Wholesale,30,1,7,2,9,18.116987799986116,1
9556842,23,Corporate,60,1,12,6,6,10.32495646400121,0
9267088,31,Retail,60,1,10,6,2,3.074986242058362,0
6824167,56,Wholesale,14,2,5,13,1,18.434533389033227,1
1291971,56,Corporate,14,0,12,1,2,15.14938101446206,0
1001157,25,Retail,60,0,18,9,1,14.63410545446303,0
4878727,58,Retail,30,3,10,18,9,14.183614075888094,1
4624499,43,Corporate,14,1,6,8,8,4.006796421928847,0
6446594,30,Wholesale,60,2,12,15,7,4.220133834150522,0
5606799,32,Wholesale,60,1,7,18,3,13.7658599685451,0
4827576,53,Retail,30,1,18,17,8,4.394455002207938,0
5462140,44,Wholesale,30,1,2,8,2,8.773433936060977,1
3299487,26,Wholesale,14,4,10,15,2,15.640036511878828,1
3404941,23,Wholesale,30,3,15,12,3,15.679050361956818,1
8483441,27,Retail,60,3,12,9,7,9.065235450517193,0
5820385,39,Corporate,60,0,17,19,1,15.843798765504902,0
2600021,48,Wholesale,30,1,4,13,8,16.772435923961137,0
7428040,29,Retail,30,2,7,11,7,13.095515025685206,1
1118467,53,Retail,30,3,9,18,4,4.568517046168403,1
5833152,45,Corporate,30,1,19,6,5,5.48023560771095,0
7828141,22,Wholesale,14,0,7,14,1,6.296823108174707,0
5572148,25,Wholesale,30,2,2,15,4,2.33608215467904,1
2207923,24,Corporate,14,2,6,7,1,5.463192407398902,0
5634207,24,Corporate,60,1,18,9,1,4.190384486250642,1
9016999,42,Retail,30,0,6,3,1,9.106574996172043,0
7230886,28,Retail,14,1,13,18,7,18.168750957445297,1
9905634,54,Corporate,30,2,19,18,7,2.0896063350791616,0
6353584,39,Wholesale,60,1,2,14,4,14.405358478947912,0
8670528,54,Retail,60,1,12,13,2,13.745660088262554,0
4801754,37,Retail,60,0,15,0,3,1.9150839732671532,0
2769042,36,Wholesale,30,1,14,15,8,18.451448098116,1
2483509,43,Retail,30,0,6,9,8,11.369444043136392,0
8240141,22,Wholesale,14,0,18,18,6,7.274510422713685,1
616381,51,Wholesale,60,5,5,2,9,15.130771669906133,1
2021701,54,Wholesale,30,0,18,4,9,5.147309168032681,0
6605525,57,Corporate,60,3,3,8,4,13.870196740926408,1
3938618,32,Corporate,60,3,3,17,1,0.7942241514449444,1
8413697,44,Corporate,14,2,10,10,1,16.78816075218544,1
2957184,28,Wholesale,14,1,19,15,5,8.96341694042637,1
4603022,23,Wholesale,14,1,3,1,2,12.733858287158835,1
1918175,33,Corporate,14,2,12,11,6,4.424756396133674,1
4306688,56,Retail,60,0,16,5,7,13.541474253168959,1
7765795,53,Wholesale,14,1,17,10,1,15.444805517865532,1
4272962,30,Retail,14,5,7,7,6,9.464263737687975,1
4541776,22,Retail,14,1,13,11,8,12.354538481235886,0
3227423,47,Wholesale,14,2,2,1,5,9.126518476447972,1
6209840,48,Wholesale,60,3,4,8,7,17.88182738515691,0
5630397,28,Retail,14,0,10,14,6,9.957383610286383,1
3951356,22,Retail,60,2,7,1,4,16.83617418057638,0
3944084,44,Corporate,30,4,17,0,7,16.02704116540497,0
3427109,53,Corporate,60,1,6,9,9,8.21009642696713,1
7479451,31,Wholesale,60,1,19,1,7,4.6016898371495,0
9019981,28,Corporate,14,0,5,11,5,8.121642651195419,0
8278484,34,Corporate,30,1,10,7,7,16.524347515504402,0
9003902,59,Corporate,30,1,9,4,3,4.552650716387847,1
6714624,44,Corporate,30,0,13,0,2,10.488726917154986,0
5342611,24,Retail,30,2,19,14,5,16.12193495921495,1
6857182,30,Wholesale,60,0,6,5,4,7.069549502567575,0
4835868,53,Corporate,30,0,4,11,5,12.844192740053948,0
2715167,43,Retail,60,2,3,7,8,4.912631480976291,1
4386402,34,Retail,60,2,3,12,4,2.1855889073631984,0
7045535,57,Retail,60,2,4,18,9,15.887684501857127,1
7342385,27,Corporate,30,1,5,0,7,1.9793724681741365,0
9578552,24,Corporate,14,1,8,10,7,5.427627901591691,1
1188105,45,Wholesale,14,0,16,19,8,17.1021884399488,0
2489173,37,Corporate,30,1,3,0,6,6.929385741573344,0
3580761,25,Corporate,14,0,12,7,8,19.46090699028322,1
1914466,56,Retail,14,4,8,4,3,19.594686695477193,1
945101,32,Wholesale,60,0,13,16,1,5.365520409071134,1
8606609,47,Corporate,60,0,4,7,6,0.819564444997809,0
7913023,24,Corporate,30,0,14,9,1,14.101265684107583,1
8113269,32,Retail,30,1,14,1,9,9.019730052966874,0
1605534,36,Retail,14,1,13,8,2,2.0150568791915258,1
4853127,59,Corporate,60,1,6,2,2,14.150456379560856,0
7815360,51,Wholesale,30,0,17,17,7,0.6234981822384245,0
8573461,48,Wholesale,30,0,4,6,2,17.403933809844844,0
998863,22,Retail,30,2,8,14,8,2.7730505822660745,0
9256262,59,Retail,30,0,17,19,6,2.5462375749345,0
3176188,53,Corporate,30,0,3,17,7,3.5134459593716905,0
3795990,59,Retail,30,0,17,2,7,19.205327169841333,1
8282937,46,Corporate,14,3,9,13,6,13.86338720507692,1
7026818,32,Wholesale,60,0,2,1,9,16.027430709272735,0
9685687,52,Wholesale,60,2,13,13,9,7.95269971465506,0
5991590,25,Corporate,30,1,2,10,7,6.726254550099111,0
7012440,43,Retail,60,0,11,15,9,4.689680135663399,1
6599628,38,Wholesale,60,0,15,7,3,9.612960566248178,1
7055968,35,Retail,60,3,11,6,3,11.03657467068337,1
3199015,59,Wholesale,30,2,3,10,1,12.635496873055107,0
9337590,47,Corporate,30,1,3,2,5,5.14237007997389,0
1672622,52,Corporate,60,2,12,16,4,18.973081618059812,0
3003771,32,Corporate,60,2,5,13,2,3.395169964142717,1
3677825,44,Wholesale,30,1,7,5,9,19.313063495328247,0
1496161,55,Retail,14,0,7,7,3,0.29712245015007577,0
4683839,46,Retail,60,0,13,4,8,9.622513836336912,0
1166326,57,Retail,14,0,9,7,6,6.667356762331256,0
1149150,26,Wholesale,60,1,13,1,5,8.982468278605015,1
3875957,24,Wholesale,14,3,12,14,1,11.41329157961578,1
618834,50,Wholesale,14,2,13,11,4,8.71178316025418,0
3739576,42,Wholesale,14,0,10,16,3,8.2969370060319,0
6393309,29,Wholesale,30,1,1,0,1,14.65446830826613,0
6448540,51,Retail,14,0,8,14,5,13.717525501729293,0
4749913,49,Wholesale,14,1,16,13,6,16.665425640716958,1
4922201,58,Wholesale,14,1,13,19,2,4.999179624789911,0
1579600,50,Retail,60,4,3,15,3,12.190570195081271,0
9914323,37,Wholesale,14,0,3,8,6,11.703895707857077,0
4003157,55,Retail,60,3,5,0,4,7.394756217453775,0
8772874,21,Retail,14,0,11,16,9,9.721150838053617,1
9349851,33,Corporate,14,2,7,12,5,6.275642866114575,1
2485588,32,Corporate,30,1,10,4,4,2.836887952339704,0
9140059,48,Corporate,60,0,10,9,2,4.276024213254656,1
4697355,31,Corporate,14,0,2,5,6,2.1102729280240218,0
2252683,58,Wholesale,60,0,3,18,2,13.661391503802482,1
8216868,21,Corporate,60,1,8,12,7,13.21454786218303,1
1504646,51,Retail,30,2,11,0,3,19.012127431597456,0
9860133,32,Wholesale,30,3,13,19,9,14.593568272944825,0
4367500,46,Corporate,30,2,7,14,5,1.040916775122629,1
949395,36,Retail,30,0,13,13,8,17.684903478579084,0
5643901,59,Wholesale,30,1,2,7,6,17.253503258914517,0
7254350,50,Wholesale,30,1,6,9,8,8.866406415453973,1
1760386,53,Corporate,30,2,9,8,3,11.717261010558431,0
3554390,43,Wholesale,30,0,2,16,3,19.521566649450378,0
7519431,54,Retail,14,3,18,8,5,10.646087276963325,0
3879569,25,Wholesale,60,0,16,2,3,18.106436567521797,0
3400603,38,Retail,30,0,12,10,8,1.6607751562037287,0
9111474,49,Wholesale,30,1,7,11,8,3.821037374173657,1
2146711,26,Corporate,60,1,7,9,2,8.815098868826357,0
6087774,29,Retail,14,1,17,16,4,11.695136166746094,1
6819707,51,Wholesale,60,0,13,16,1,16.324557037256003,0
8467801,53,Wholesale,60,2,11,10,4,19.765242302863737,0
1923286,47,Wholesale,30,2,6,3,4,7.777029929482328,0
4195961,34,Retail,60,0,14,6,9,0.9483127228016985,0
8717316,49,Retail,60,2,6,13,3,16.023430065906496,1
3677945,56,Retail,30,2,6,6,2,12.087614381656163,1
7848340,48,Corporate,30,2,2,7,9,3.9708571773640333,1
683062,41,Corporate,30,1,15,0,9,9.896569132428404,0
3341992,23,Retail,30,3,17,3,1,14.846204910674487,1
4794539,39,Wholesale,60,1,8,11,6,15.408235741372875,0
6595929,51,Corporate,60,0,5,2,8,9.99236823997524,0
5444505,55,Retail,14,0,17,12,3,6.104290602577183,0
1303328,23,Wholesale,14,0,1,19,9,19.47485164076987,0
4562958,46,Corporate,60,1,18,5,2,13.267252219129857,0
1543233,36,Wholesale,14,1,15,10,6,8.164750386925974,1
6968703,31,Wholesale,60,0,5,3,1,5.609264484093048,0
1029525,41,Wholesale,14,2,7,19,7,14.622059660071242,1
676615,36,Wholesale,30,2,18,15,3,4.843668911875354,0
4881932,29,Corporate,14,1,6,6,7,3.4341997794737633,0
7165088,20,Corporate,30,0,5,10,4,10.596677779241405,0
7974447,41,Corporate,30,1,19,0,9,5.799747852882837,0
5101020,45,Retail,30,1,10,6,5,12.5781028984723,0
4199391,37,Corporate,30,0,15,11,3,2.3587734974846697,0
9429860,33,Wholesale,14,1,10,6,8,13.098822091346431,0
7506454,48,Corporate,60,2,16,6,6,5.665930559954044,1
4112610,31,Wholesale,30,2,12,9,2,0.004858688690254631,0
7531883,55,Retail,14,1,18,15,3,2.5387211534835274,1
2664367,54,Wholesale,30,0,1,7,8,18.67230755670188,0
644356,31,Wholesale,14,2,16,8,7,17.347092782307158,0
9244220,26,Wholesale,14,0,6,8,6,4.672180640724736,0
8898043,48,Retail,14,1,3,1,1,15.567438090909825,0
2248014,30,Corporate,60,1,2,12,9,12.171431863479485,0
7656720,52,Corporate,14,3,2,12,3,19.41809422899739,1
2788627,25,Retail,14,1,13,3,5,7.472113190681182,0
7017963,34,Wholesale,60,0,9,11,7,13.629212250343425,0
7097519,51,Corporate,60,0,16,16,7,1.2707144484783717,0
1264121,30,Retail,14,3,5,1,3,7.924946936328119,0
7568121,42,Corporate,60,1,7,12,4,19.27635322376361,1
4002630,45,Retail,30,3,13,17,7,10.779617489002412,1
6198848,53,Wholesale,30,1,13,14,8,5.757590066696892,0
1607677,53,Corporate,60,1,7,7,2,2.405419262572137,0
6238852,48,Retail,60,0,10,14,9,14.070566803630609,1
788790,23,Corporate,14,2,15,0,7,12.897120868594536,0
5584921,36,Corporate,60,2,6,19,8,7.478774272075492,1
4193305,54,Corporate,14,1,5,9,6,19.018827037316687,0
4966271,32,Corporate,30,3,2,11,6,0.44405625975700636,1
4885536,58,Retail,60,1,15,4,9,6.074477032636516,0
1852695,34,Wholesale,14,0,16,8,4,18.421389725991627,0
2089228,48,Retail,14,1,19,7,5,6.418708766388807,0
1600567,48,Retail,30,0,9,15,9,5.045056677103408,0
8206358,30,Retail,60,2,19,13,1,10.684408198624947,1
549115,51,Wholesale,30,0,7,12,4,16.476034998410757,0
1221747,21,Corporate,14,0,4,12,7,2.062935217567221,1
5892023,33,Corporate,14,0,3,4,9,18.860414192914725,0
6457515,39,Corporate,60,0,11,15,6,15.90145762362328,1
6732753,41,Wholesale,14,1,1,10,8,3.625005111031039,1
5746880,30,Corporate,60,1,6,4,9,14.240159223963254,0
1904330,46,Wholesale,30,4,11,12,4,7.6991744527511425,1
751492,22,Corporate,60,0,1,10,1,8.045893561526373,0
4535851,36,Corporate,60,1,7,18,8,15.665801848777328,1
991072,47,Retail,14,1,6,2,2,19.255696159614644,0
1586880,48,Wholesale,14,0,14,14,1,2.5331174569438786,0
2555723,40,Retail,60,2,2,6,7,8.412604737576387,0
2748988,35,Retail,14,0,4,6,9,9.61883216168607,0
3476242,56,Retail,14,1,11,5,9,7.5262363390999525,0
5080081,39,Wholesale,14,0,15,2,3,7.2637824743245005,0
3148790,25,Wholesale,60,1,18,12,6,1.0453733512319308,0
4263024,38,Corporate,14,0,1,6,7,13.710772411252465,1
5333177,24,Retail,60,1,3,4,9,8.724288342400907,1
8772841,22,Corporate,14,0,3,17,2,3.8958760528785352,1
3853597,20,Retail,30,0,7,7,8,16.320670046041368,0
8954561,57,Wholesale,14,0,1,16,7,16.051214963032557,0
3097480,34,Wholesale,14,0,11,19,4,9.727832561777877,1
4697571,53,Wholesale,60,1,6,0,2,5.96901322295521,1
6874201,54,Retail,60,0,3,13,8,12.761854515929048,1
6618900,44,Wholesale,14,1,19,16,5,5.763042715548061,1
3422097,43,Retail,30,3,2,9,6,4.720158606474241,1
657164,31,Corporate,14,2,18,11,7,14.610293080526533,0
1031831,37,Retail,14,0,12,15,1,0.806504794419014,0
3489475,34,Corporate,30,0,10,13,8,1.8953694206918792,1
3869720,35,Retail,60,3,5,15,4,0.13576348047179554,1
5211075,46,Corporate,14,1,9,7,9,3.058863729508523,0
7622313,27,Wholesale,60,0,2,9,1,1.3798001742091892,1
7354500,44,Corporate,60,2,2,16,2,19.916047355598373,0
3140328,36,Wholesale,30,1,6,17,6,5.776199399081792,0
9579703,48,Wholesale,30,2,10,19,1,2.9853602533849455,0
9722335,27,Corporate,60,1,18,15,4,4.819925159918359,0
7826434,34,Retail,14,0,12,16,8,18.722511430802694,1
5563778,46,Retail,60,3,4,15,5,10.403204460487913,0
4470001,26,Retail,14,1,17,18,9,7.296361926157138,0
570640,22,Retail,14,0,15,7,6,17.467829158184387,0
4622263,48,Retail,30,2,6,5,1,7.899805410980649,1
5094877,43,Wholesale,14,0,16,5,6,6.700171399153916,0
1855531,22,Retail,14,1,17,8,6,4.145650450994712,0
1175510,39,Wholesale,60,1,3,3,6,7.555936478188229,0
4241196,34,Wholesale,30,0,10,11,8,6.333687120338521,1
7490102,44,Wholesale,14,0,5,11,6,13.546079185962821,0
3234296,49,Corporate,14,1,14,16,5,5.791654093414542,0
7206024,33,Corporate,30,3,13,14,2,11.543994928451228,0
1398320,26,Wholesale,60,1,6,8,4,1.317843300639454,0
6281565,36,Corporate,30,2,12,6,5,3.8257831339302872,0
2507635,39,Retail,30,1,8,9,4,8.148105432226975,0
3764908,55,Retail,14,1,5,15,2,18.738985078173908,0
4760538,28,Wholesale,14,0,15,11,7,7.5450397143139085,0
6986460,57,Retail,60,0,16,6,2,13.281482423996682,0
6697323,41,Wholesale,14,2,1,17,1,5.101744448427963,1
4121581,21,Wholesale,14,1,16,14,5,2.5406715194646345,0
4746238,43,Retail,30,0,5,5,1,1.1707320016010025,0
6463135,27,Corporate,14,3,3,11,1,6.1082699708550265,0
9314131,30,Retail,60,1,15,10,1,3.1532205359381593,0
4099865,32,Retail,30,0,13,19,6,3.480208960322484,0
5882287,36,Wholesale,60,0,16,2,9,15.215186167739,0
8490340,27,Wholesale,30,1,11,1,1,0.3167614188974843,1
1539458,40,Wholesale,14,0,2,5,5,11.156202514708689,0
4272811,37,Wholesale,30,3,6,4,9,7.589227611869296,1
2817336,49,Corporate,30,0,6,17,9,10.130999998170944,1
3263642,37,Corporate,14,1,14,15,1,11.256604744292058,0
8189684,50,Corporate,14,0,11,7,8,6.267353889145564,0
4288340,57,Wholesale,60,2,8,19,1,5.902177203685706,0
697775,51,Wholesale,60,2,8,10,8,14.668036986698114,1
2886488,30,Wholesale,14,1,1,9,1,17.425539762423142,1
1287494,44,Corporate,14,0,7,11,5,3.8516326491705577,0
6351244,52,Wholesale,14,1,6,5,8,1.952375210702979,0
5832660,57,Retail,30,1,8,19,6,17.955916127840517,1
7337433,27,Retail,30,1,19,4,9,6.9979092729479735,0
5583769,30,Wholesale,30,0,8,8,1,11.026347813256283,0
1033636,41,Retail,14,0,14,15,9,7.190862890400069,0
4732406,43,Retail,60,3,18,13,1,2.5160467269210263,0
2776360,36,Corporate,14,3,16,7,3,11.786632898954561,1
4908249,31,Wholesale,30,2,9,19,1,10.502817035392592,0
4926219,51,Wholesale,30,2,15,18,3,4.059871183823944,1
9414438,34,Corporate,14,0,10,13,2,9.037380893045556,1
1832397,35,Retail,14,1,16,6,2,15.938950080312917,0
8017836,41,Retail,30,1,4,4,9,11.808522062157827,0
9606824,47,Wholesale,30,2,13,17,8,1.938346541339897,0
7146705,39,Retail,30,5,5,1,1,10.960429944582701,1
5962810,52,Corporate,14,1,7,10,4,14.054765985791738,1
9405921,29,Corporate,30,2,9,7,1,15.854068115615028,1
7403836,59,Wholesale,30,1,8,0,1,12.582351572685335,0
6743669,51,Corporate,60,1,16,11,4,3.0531632908156747,0
1786643,52,Corporate,14,0,6,1,2,14.203465331803214,0
8815390,21,Wholesale,60,1,16,17,3,13.546836921630327,0
6700646,52,Corporate,60,3,6,6,9,0.4885376588126644,0
7483896,52,Corporate,30,0,14,16,2,8.234953351804863,0
9283148,32,Corporate,14,3,1,13,4,6.659004939247466,1
5909861,49,Retail,30,1,9,6,1,13.38824128507287,0
5439003,52,Wholesale,14,1,13,2,2,4.322716246218414,0
6811326,32,Wholesale,60,0,19,5,5,11.817438459485171,0
5646386,45,Wholesale,14,1,17,19,1,18.26411923628345,1
8915398,41,Retail,30,1,11,1,7,15.956047444172155,0
948345,58,Retail,30,0,8,16,4,18.42915472433061,1
9637682,21,Wholesale,30,0,5,11,6,19.5701193386538,0
8327494,57,Retail,14,4,10,11,8,0.21340254012325532,1
4185501,58,Wholesale,60,2,7,16,6,12.454825527549552,1
2379490,45,Retail,60,1,10,9,2,8.25678795517813,0
5484445,34,Corporate,14,1,4,2,1,17.197089806702436,0
7439705,53,Corporate,30,0,9,19,8,5.036294040182634,1
7502587,59,Wholesale,60,0,14,17,8,19.620589782301522,1
7242471,30,Retail,30,3,2,12,9,12.274159390874946,0
1954908,22,Retail,14,0,9,11,6,15.870748044576619,1
3819144,25,Corporate,30,2,1,16,1,1.7119910564553664,1
9193670,28,Corporate,60,1,10,3,9,3.669157695177301,0
6306466,25,Retail,60,2,10,9,3,15.168073460684063,0
6244588,28,Retail,30,1,3,10,6,0.43973044078647217,0
5804509,58,Retail,14,2,6,5,9,16.337559717875656,0
8168216,50,Retail,30,1,6,5,3,0.27898037383822905,1
5449499,51,Retail,14,3,2,8,5,13.142376781225467,1
2887312,31,Retail,30,3,18,14,5,7.301878404636117,1
4193976,27,Wholesale,60,2,2,1,7,12.229897054383983,1
6562903,27,Retail,14,0,12,3,4,13.920628139782274,0
4908224,47,Corporate,14,1,5,4,4,6.849504383726083,0
4535493,39,Wholesale,14,0,7,16,7,2.159248962216711,0
6203737,26,Retail,60,0,16,7,9,1.3929173549653129,0
2371403,30,Corporate,30,0,1,7,4,11.778720451250956,0
6247372,39,Wholesale,60,4,1,11,4,10.41310707468223,0
5348287,35,Corporate,14,0,17,7,6,14.84402018242265,0
6158796,23,Retail,30,0,1,18,6,10.194710200078742,1
1321052,25,Retail,60,0,13,2,7,8.448915800617582,0
2725300,41,Retail,14,2,9,17,1,7.9617435647246175,1
2355567,45,Retail,14,1,15,18,3,0.5289380519533493,1
2034837,22,Wholesale,60,1,3,18,9,6.711144033933143,1
3838442,33,Wholesale,60,2,14,14,6,19.520403150489884,0
5426203,30,Corporate,60,1,11,5,6,17.471111524541776,0
923570,37,Retail,14,4,12,15,5,6.587561340684354,1
2873139,31,Corporate,60,5,13,7,3,11.755908101327444,0
5721816,42,Wholesale,14,1,13,15,5,16.94593491070988,0
9746766,31,Retail,60,3,1,17,1,8.825486735001373,1
2614792,32,Retail,14,1,10,19,3,0.3591572750030192,0
8941136,44,Wholesale,14,1,3,15,4,1.4902092363728014,1
2373421,38,Wholesale,30,1,4,10,5,10.207854426974132,1
7050670,55,Wholesale,60,2,16,6,9,19.388787513517567,0
6581950,27,Wholesale,60,0,8,16,4,13.864190844377354,0
7425877,48,Wholesale,14,0,16,16,3,1.4183238287713906,0
6467106,51,Retail,14,1,17,11,1,3.7872175158372556,0
5618922,37,Wholesale,14,0,19,12,6,15.426462864337001,0
7677545,25,Retail,30,4,15,9,7,16.828795199124894,0
5622783,37,Retail,30,2,16,6,8,12.353891723771817,0
6028983,38,Wholesale,14,1,15,13,1,12.888463392596332,0
660775,41,Wholesale,60,2,2,0,4,0.5667490076676929,0
7849369,56,Retail,60,0,11,16,5,16.57060519163017,1
3167867,51,Wholesale,30,0,1,3,2,15.765504163416592,0
7155623,22,Wholesale,30,0,15,4,1,5.180702882066943,0
8186841,47,Wholesale,14,1,19,19,8,14.173534399310139,0
7478737,29,Corporate,60,1,4,6,6,4.297092128499962,0
1844027,54,Retail,14,0,11,9,5,0.8066032210302598,0
4666500,48,Corporate,30,1,5,16,9,4.0227308518075455,1
7967048,34,Wholesale,60,2,3,6,2,3.57257753508599,1
9679875,52,Corporate,60,0,13,0,8,6.754959934696945,0
8384479,26,Wholesale,30,1,10,6,9,8.368989943509161,1
997562,31,Corporate,14,0,11,10,1,10.170777829954158,0
5078238,49,Wholesale,14,0,18,8,7,9.535077510166563,0
4537776,40,Corporate,60,0,2,11,8,5.413492119305787,1
4510912,50,Corporate,30,2,7,2,3,0.5834133714814893,0
5011732,43,Corporate,60,0,9,3,4,12.102032444743013,0
6062067,39,Retail,30,0,10,3,3,7.914896596947088,0
5737196,56,Corporate,14,3,18,12,7,5.973443147750994,1
5385211,23,Retail,30,2,7,18,9,17.338820856610248,0
6626319,47,Wholesale,14,1,7,9,3,14.934866155963196,0
2100396,39,Corporate,30,0,3,4,6,17.155310967448845,0
3811149,43,Wholesale,60,1,12,6,8,9.89965589424922,0
9011010,51,Wholesale,14,2,7,15,6,2.6186250425355495,1
2996081,55,Corporate,60,0,17,0,2,13.924428722425448,0
1075278,53,Retail,60,1,1,11,7,4.121475598743505,0
5687480,55,Corporate,14,2,5,1,2,8.824593381834337,0
1678049,21,Wholesale,14,2,16,6,2,1.30001577897777,1
3580201,34,Wholesale,60,2,15,10,2,16.50616804845965,0
7636029,53,Corporate,60,1,2,12,1,2.5188128209500116,0
3964442,55,Retail,60,2,9,1,1,18.061950140986195,1
3814692,25,Retail,60,1,7,6,7,17.284612045231142,1
5219607,58,Wholesale,14,0,4,14,5,9.291655288784922,0
6785088,31,Wholesale,14,1,18,10,3,14.887364086079813,0
1610389,22,Retail,60,1,4,1,1,12.388901476363065,0
8916320,37,Corporate,30,0,13,6,6,16.061512846754898,0
4412942,59,Wholesale,30,0,1,3,1,8.63610201571824,0
9001424,40,Retail,14,0,3,10,9,15.716169684887,0
7968810,34,Wholesale,60,3,16,1,2,9.24913634130296,1
2135156,52,Corporate,60,0,4,15,1,18.819315756855875,0
9023838,54,Retail,14,1,16,6,7,9.727442016502952,0
5501045,45,Wholesale,30,0,19,12,6,9.25238543867459,1
4963418,27,Corporate,30,1,1,4,6,15.701437231270255,0
4845760,55,Wholesale,30,0,5,16,5,16.43155383521676,0
7653768,49,Corporate,14,2,19,11,4,11.089782286423414,0
3751298,42,Corporate,30,0,11,18,4,3.595956269901508,0
4965150,33,Retail,14,0,13,6,3,9.35516461915159,0
8889012,33,Corporate,14,1,5,5,8,19.36145005819357,1
7749903,21,Wholesale,60,1,4,7,7,15.059723860783702,0
5397590,56,Corporate,30,1,4,12,9,16.223252077582643,0
6689573,24,Corporate,14,3,4,4,1,0.6565099763848026,0
1823483,57,Retail,30,2,4,1,7,9.357189252683199,0
2222320,33,Corporate,30,1,18,8,4,12.932422673151107,0
2832517,58,Corporate,60,0,18,10,7,16.600653672561492,1
3696340,44,Wholesale,30,1,16,5,1,0.9854730716554294,0
9051881,39,Retail,60,1,9,6,5,17.048777712837463,0
5887408,21,Retail,14,3,18,6,3,10.968018734838234,1
6192493,58,Retail,30,0,2,18,5,3.9462794115211985,1
8747752,25,Corporate,14,1,4,5,4,6.345104328994,0
1587341,36,Retail,30,0,12,10,2,5.638591035031215,0
6695200,44,Corporate,14,1,7,10,4,10.617180685769515,1
4477266,47,Corporate,30,1,15,6,3,1.0337135982226364,0
6058956,21,Wholesale,30,0,7,1,1,3.1707231699984706,0
3531756,54,Wholesale,30,0,17,18,8,16.253860867515648,0
1343523,56,Wholesale,30,4,16,3,5,2.6520798149362212,0
9434845,24,Wholesale,30,1,19,5,4,4.667925389162539,0
4540479,20,Wholesale,30,1,9,16,5,9.067412112083147,1
592193,59,Corporate,30,4,14,4,4,10.34241776226661,1
1686887,31,Corporate,30,1,17,6,3,15.272209592283172,0
9396761,55,Retail,30,0,5,8,5,8.946648533323756,0
3834817,42,Corporate,14,2,2,0,4,15.797292420710775,0
3215514,50,Corporate,60,1,16,0,1,12.366926140909149,0
3158571,30,Wholesale,30,0,14,18,3,2.261994788476449,0
5334357,29,Corporate,60,1,14,5,8,3.1266287678567717,0
7602173,22,Wholesale,30,0,1,17,7,8.740674508995417,1
5392472,33,Retail,30,1,3,9,2,7.937787861780792,1
981680,35,Retail,14,1,7,10,1,14.870885392745892,0
5665679,29,Corporate,14,1,15,0,3,11.614742795947038,1
6680142,48,Retail,60,1,19,0,5,7.762661620044986,1
5787118,29,Corporate,14,3,2,12,1,3.4152056690077126,0
4600673,31,Retail,14,1,19,4,3,4.536742046509903,0
2034026,49,Wholesale,60,0,9,19,3,11.51002036938118,0
9204434,20,Wholesale,14,1,19,0,5,8.46877609799585,0
3967366,24,Wholesale,30,1,5,19,3,10.298550177213441,1
827359,39,Wholesale,60,1,18,2,9,3.4135487060446734,0
817537,27,Corporate,60,1,16,17,1,13.258125046891315,0
7453757,31,Retail,30,2,4,8,4,17.05077481711934,1
1050222,20,Corporate,14,3,12,13,4,5.158790135738012,1
5475026,39,Wholesale,60,2,7,16,1,9.830284516636532,0
8295134,47,Corporate,60,0,14,13,2,19.510546580418037,0
3073619,56,Retail,30,0,12,3,1,6.664834811014552,0
2953752,56,Corporate,30,1,3,4,6,11.900926898475223,0
7765760,31,Retail,14,1,5,16,3,1.8039140040048873,0
1853038,56,Corporate,60,1,17,1,7,12.120300049588863,0
9139483,47,Retail,14,0,10,4,5,1.7926354660923582,0
5157693,34,Retail,14,3,10,3,9,19.184708706476442,1
4764694,25,Wholesale,30,2,11,3,7,14.313253041446227,0
1207689,39,Retail,60,0,17,5,4,15.763195762714128,0
1796516,33,Wholesale,60,3,5,19,5,14.082087215432736,1
3963351,21,Wholesale,60,2,13,12,5,11.794580721529314,1
2354971,28,Wholesale,30,0,10,4,5,8.998255621710108,0
9538807,56,Corporate,30,1,9,6,9,17.167467595221247,0
2349396,39,Corporate,30,1,17,19,3,19.13671335086126,1
3191276,45,Corporate,30,3,1,0,6,9.980723458081627,0
9517469,48,Corporate,30,0,4,13,8,18.63070098310524,1
3026954,20,Retail,60,1,4,3,9,11.66665819977035,0
7049546,54,Retail,14,1,18,16,7,10.767683737928664,1
8507407,25,Corporate,60,0,9,13,3,9.089654659107133,1
7885034,56,Retail,14,1,18,15,1,4.185755230602397,1
7563410,24,Retail,30,1,14,13,4,0.07439321636118379,1
9550222,52,Wholesale,14,1,15,15,6,4.830124537121225,0
8501482,33,Wholesale,60,2,6,19,3,10.194463432071304,1
9555605,31,Wholesale,60,1,10,7,1,7.599199045195051,0
1572647,39,Wholesale,14,1,15,2,6,8.969704560052676,1
2131107,43,Retail,30,1,4,18,1,19.61296439128099,0
9917063,53,Corporate,30,1,18,0,9,7.005447413386552,0
5606563,44,Retail,60,1,18,1,1,9.043658787202158,1
8734679,48,Retail,14,1,17,14,6,2.6703110270563912,0
6963768,58,Retail,30,0,12,9,1,0.9591546487397529,1
6106594,50,Wholesale,30,1,7,17,7,15.508190291849893,0
2450367,42,Wholesale,60,0,16,13,3,11.413663501439572,1
2410705,57,Wholesale,30,1,11,16,6,15.214096120877901,0
2101596,39,Corporate,14,0,14,12,7,2.9972559777310326,0
4291481,42,Retail,60,1,3,0,1,11.436575423653819,0
5623122,35,Corporate,60,0,19,4,1,5.072849486827511,0
8257202,27,Wholesale,14,0,18,12,5,4.561236338000398,0
6848564,40,Corporate,60,1,10,13,6,0.23052028105970512,1
4650276,20,Retail,30,1,6,2,9,2.606814471381438,0
6223601,27,Retail,30,1,13,14,1,6.185362229993907,0
5854075,48,Wholesale,14,3,10,18,4,2.337575211818781,1
5779548,51,Wholesale,30,0,18,16,8,19.71716880821875,0
2882357,57,Corporate,14,1,16,2,9,6.172652970479014,0
8404069,24,Wholesale,14,0,6,15,3,2.6064789340465633,0
2745131,41,Wholesale,30,2,13,13,2,3.981646256559155,0
4746049,53,Retail,14,2,4,11,4,11.75406456682953,1
8980473,20,Wholesale,30,1,14,11,2,1.2808704772957702,0
5955770,45,Wholesale,60,3,1,10,1,17.248682602823138,1
1572200,29,Retail,60,0,5,16,3,19.229993584742946,1
3406158,49,Retail,14,1,8,7,7,4.934948413347618,1
1722869,37,Corporate,30,2,12,16,1,9.001905371817188,0
3625354,36,Wholesale,30,0,2,19,2,0.4426890205899414,1
5282883,45,Retail,60,0,12,10,1,12.81420449454443,1
7001632,27,Corporate,60,1,5,1,8,8.278521161051778,0
9802640,59,Corporate,30,4,5,9,5,5.401169322031114,1
4482588,31,Wholesale,14,0,13,9,8,4.1367422123321695,1
8583123,46,Wholesale,60,1,9,10,3,13.080461553175208,1
6660686,27,Corporate,14,0,10,5,7,8.32434062064629,0
9806167,44,Retail,14,1,1,3,8,3.5931857805982403,0
1135605,23,Corporate,60,0,3,11,6,13.782181629736481,1
7979821,52,Wholesale,14,0,18,10,7,11.301445660733872,0
5083897,20,Retail,14,0,12,12,2,17.173441098589922,0
9703739,38,Retail,30,1,3,4,8,2.349517977529858,0
7913718,50,Corporate,14,0,9,5,5,15.713332038889122,0
567661,35,Wholesale,30,1,2,0,7,13.47033573634518,0
7359991,33,Corporate,60,1,3,5,1,2.3002187365619564,0
8085153,24,Corporate,60,3,14,17,5,13.896414597434415,1
6414988,45,Corporate,30,1,4,8,1,8.830945777596607,1
7058221,47,Retail,60,1,19,14,8,18.899695711116863,0
1807506,21,Retail,14,1,13,7,4,2.8322270123579862,1
3401614,25,Wholesale,14,0,7,18,4,12.85666781631476,1
3466422,28,Wholesale,14,1,12,15,2,7.6396009092589185,0
4208654,52,Corporate,60,0,3,5,5,19.136293411817554,0
7815436,44,Corporate,14,2,9,5,1,6.59949790580553,1
618033,32,Corporate,60,1,2,2,9,19.243718189836002,0
9518873,28,Wholesale,14,0,9,9,5,18.02971702201498,1
6372354,32,Retail,30,0,12,0,6,5.407664706213127,0
1715502,50,Retail,60,1,12,13,2,16.070835536528556,0
2819049,30,Corporate,60,1,15,3,1,19.91208403607012,0
6792518,23,Corporate,14,4,2,11,4,5.053260043425647,0
8087768,53,Corporate,60,1,18,5,7,8.735543386466393,0
4220464,57,Corporate,60,0,13,10,6,10.403614731335193,0
2692614,23,Wholesale,30,2,14,11,1,5.898622716077286,0
1270173,57,Retail,30,2,5,9,1,0.3052967929205952,1
6142264,38,Corporate,14,1,10,17,8,4.402584883950533,1
967010,25,Wholesale,30,1,12,6,4,5.638737686835169,0
2155016,53,Corporate,14,4,10,6,5,8.871994026363744,0
4721038,37,Corporate,14,1,11,10,7,3.4220495682680374,1
9812483,32,Retail,14,1,2,3,8,17.465087133833453,0
8876430,42,Corporate,60,0,5,19,7,14.098222654626722,0
4380993,38,Retail,30,1,7,0,2,1.7040095511932396,0
3068103,30,Retail,14,0,6,12,4,13.001849022798629,0
8969872,20,Retail,30,1,3,17,1,13.073129528112409,1
8911883,43,Wholesale,14,0,13,8,9,19.124423472872554,1
6982532,26,Wholesale,30,0,3,8,3,0.060417427123224954,1
5696467,44,Retail,30,1,6,8,3,4.958648996116144,1
6452793,40,Corporate,14,1,11,9,9,18.55582958750631,0
9461343,34,Retail,60,2,17,1,3,18.64267830796566,0
2500609,20,Corporate,30,4,10,5,8,14.411728387412747,0
9801434,31,Retail,60,2,12,14,2,15.315266420950799,1
3197143,26,Corporate,60,1,17,2,3,1.8296591585929423,1
9751130,34,Wholesale,14,1,4,10,2,10.277516695564673,1
9692300,40,Corporate,14,0,2,5,1,4.6316598257799875,1
1814532,38,Retail,14,0,11,2,2,3.6243608722723453,0
921240,48,Wholesale,30,3,7,10,8,16.20606598246665,1
1444789,44,Corporate,14,1,2,14,9,2.7007627336109485,1
2713573,52,Corporate,14,5,18,12,2,9.373032739927705,1
9414501,51,Corporate,30,3,4,19,7,18.77156479172066,1
2755363,54,Corporate,30,1,8,9,5,3.716641111306851,0
8875741,57,Corporate,14,1,14,5,3,19.55986847476469,0
5556861,45,Wholesale,14,1,12,14,9,19.88575971522118,0
6936446,30,Wholesale,14,2,18,17,6,11.112343093648057,1
4648887,54,Wholesale,14,3,11,17,1,3.4028548035431583,0
9557014,27,Wholesale,60,4,8,6,5,6.322097758817913,1
4168866,33,Retail,60,0,2,14,7,8.489856653530703,0
5112338,29,Wholesale,14,0,15,17,4,6.186484487164458,0
1533255,21,Corporate,60,1,9,17,8,5.612711597530316,1
7582212,28,Corporate,30,0,19,19,5,19.44459418432715,0
8702787,22,Wholesale,60,1,8,8,9,3.067296548314913,1
5489847,40,Corporate,60,0,19,1,9,14.666558174337245,0
9429285,45,Wholesale,14,1,5,7,9,0.008205788783497425,1
8143603,27,Corporate,60,1,11,19,1,11.923653388047537,1
3594235,21,Retail,60,2,15,1,2,18.31886007908105,1
6486126,25,Retail,60,1,8,10,3,5.75868188186438,1
3359653,47,Wholesale,60,4,19,6,4,3.710519505154384,1
887952,48,Wholesale,30,0,8,5,9,13.033595897568539,0
1530117,45,Wholesale,14,0,19,9,6,14.252028145967863,1
3396818,44,Corporate,14,3,18,4,1,13.760610379039626,0
2857821,31,Wholesale,30,1,10,10,9,6.386337600427481,0
9413742,24,Retail,60,0,7,0,6,5.044048043186617,1
6084263,53,Corporate,30,1,9,1,4,19.118375999240882,0
744761,56,Wholesale,60,2,1,0,4,18.46599016539859,0
8886180,34,Corporate,30,1,19,18,3,9.146332197856406,1
564323,55,Corporate,14,0,5,1,7,16.923877323087467,0
1737715,34,Wholesale,14,4,19,19,3,9.04646955268592,1
8540979,42,Corporate,14,0,1,3,2,8.487780361450207,0
1454480,25,Retail,60,1,15,11,8,3.135258951985893,0
7181134,40,Retail,60,0,16,19,4,8.528121129839457,0
1354016,42,Corporate,30,0,7,17,8,10.74833877199614,1
5847417,35,Wholesale,30,2,12,0,1,0.4500865485737293,0
9753517,34,Corporate,14,2,8,0,5,8.882260103508129,0
6309701,44,Retail,60,0,5,13,9,15.627124367904006,1
9939101,55,Corporate,30,1,10,3,1,13.600921127485396,0
9171370,30,Corporate,60,1,5,4,4,12.7031397772787,0
3383427,34,Retail,60,2,17,10,6,18.19110856874405,1
1916012,23,Corporate,14,4,5,12,8,0.3606401965046002,0
6252810,40,Corporate,14,1,15,15,3,11.140951723844683,1
1071650,32,Wholesale,60,1,13,12,5,15.746976968194142,0
4976576,41,Wholesale,60,1,1,1,7,10.826707654025345,0
9274533,38,Retail,60,2,11,15,1,6.477911051607583,1
3363793,53,Retail,60,1,1,5,7,2.725011301839557,0
5409047,33,Retail,14,2,11,13,8,17.751261436323826,0
7381289,23,Wholesale,30,1,18,0,8,9.41524784775206,1
7922212,46,Retail,14,0,18,16,9,17.562303939714027,0
4257974,48,Retail,30,1,16,10,6,11.717042448663367,1
9291689,47,Retail,60,2,13,18,6,13.483842332300016,1
7711179,54,Wholesale,30,1,7,2,2,16.085223087569002,0
9267500,27,Corporate,14,1,1,10,3,13.183110892002688,0
4699591,35,Retail,14,0,16,4,4,7.961096813578754,0
6000545,55,Corporate,60,1,1,16,4,10.27266767857302,1
8791923,49,Retail,14,4,17,6,8,16.060910493517596,1
3654240,37,Corporate,60,1,6,9,1,7.473005927459684,1
9545310,21,Wholesale,14,2,2,10,4,7.762429135369942,1
8296324,32,Wholesale,14,3,17,2,4,1.913802321160023,0
8612074,23,Retail,60,1,6,19,1,18.291688704434954,1
2690222,45,Corporate,30,1,14,9,3,1.8207262989088346,0
3219269,44,Wholesale,14,1,18,9,5,12.964183548971118,0
7735574,49,Retail,30,0,6,13,6,8.263889576055954,0
6172354,30,Retail,14,2,10,11,9,8.112387805108847,0
5705597,26,Wholesale,14,1,18,14,9,13.591036731453679,0
5784958,50,Wholesale,14,0,9,9,9,1.3418746525975744,1
1286667,29,Retail,14,0,8,9,1,11.874115659028693,0
2212503,58,Corporate,30,2,10,18,9,15.440635719447096,0
4109736,32,Corporate,30,3,17,0,8,16.564255157731886,0
8560833,50,Corporate,14,3,6,9,2,3.410607787875506,0
7138155,26,Retail,14,2,14,1,1,17.948381001563472,1
1884418,55,Wholesale,30,2,6,16,1,13.122921836948844,0
886594,39,Retail,60,1,7,6,6,17.637096016413658,0
3369760,23,Wholesale,60,0,12,6,9,9.705614342203965,0
1592501,26,Corporate,30,2,3,19,7,10.84066690194404,1
5738331,20,Corporate,14,0,14,8,5,18.38076554057342,0
9025631,32,Wholesale,14,1,19,1,2,17.998190867093435,0
1635964,41,Wholesale,60,0,16,13,1,8.96321746738004,0
2655748,40,Retail,60,4,7,16,2,5.488252632713635,0
4425282,41,Corporate,30,2,8,0,1,7.863408691285283,0
1373172,47,Retail,60,2,18,8,3,7.755286570594995,1
9410852,28,Retail,30,2,13,19,6,5.7373374996558795,1
6155378,45,Retail,60,1,9,18,8,5.371592086659332,1
5373594,28,Corporate,60,3,10,3,3,17.22125872959439,1
4563309,34,Retail,60,3,9,7,9,1.3972384136932336,1
7441245,29,Retail,14,4,15,12,5,13.552223641991883,0
9951244,43,Retail,14,0,2,3,7,3.456401029129046,0
8317304,27,Retail,14,2,13,8,8,6.890117867881265,1
1329735,43,Retail,60,3,2,8,3,1.2308606826967372,1
7521862,35,Retail,30,2,19,17,2,5.399472737109241,1
8851245,45,Corporate,30,1,2,11,2,15.368421422344841,0
5782591,46,Retail,30,1,3,9,5,17.700306490945174,1
7983058,56,Wholesale,30,1,6,10,1,4.430543038047341,1
3062469,23,Retail,14,1,3,6,2,9.270956785178438,0
3586176,43,Retail,14,3,10,8,9,9.406480958744128,0
7009590,38,Corporate,60,0,6,5,7,17.471506115194686,1
5845854,55,Corporate,60,0,16,18,6,15.255981057516108,1
7990200,58,Wholesale,30,1,17,15,9,10.261544367360997,1
5383680,29,Wholesale,14,1,19,14,7,13.414944009435468,0
4181262,44,Corporate,30,2,3,6,5,16.947101078187337,0
5133078,37,Corporate,60,1,18,15,9,0.19077908051089887,1
3109089,38,Retail,60,0,7,4,6,8.057800621000972,0
3008749,55,Corporate,30,2,9,15,6,18.144863345541573,1
1414228,29,Wholesale,60,0,12,0,4,14.806260616879028,0
1453959,52,Retail,30,1,5,18,1,10.856827486681492,1
8405477,24,Wholesale,14,0,3,4,5,10.592890540702669,0
3869538,54,Retail,30,2,11,6,9,6.955401952088756,1
845266,53,Corporate,14,1,4,18,8,10.41041067283029,1
5037358,52,Wholesale,14,1,5,4,8,13.107663989269065,0
9996563,40,Retail,60,0,1,16,5,8.36726076857586,1
7367100,36,Retail,60,1,18,7,9,14.28306292784348,0
5775034,41,Corporate,60,1,12,0,3,17.224644545207717,1
8053974,56,Corporate,30,1,13,1,3,3.0936969636972234,1
6597091,34,Corporate,30,0,9,14,1,9.030940456348489,0
3677993,54,Wholesale,60,1,2,19,9,8.160401825701623,0
8205092,47,Retail,30,2,5,17,6,13.749296080994561,0
8083354,26,Corporate,60,2,13,10,2,4.997349305158587,1
3631209,51,Wholesale,30,2,16,9,8,12.805018299045525,1
6313365,30,Wholesale,14,1,16,3,9,17.54978483462976,0
4557893,29,Wholesale,14,5,3,4,9,8.362631995872453,0
6191276,28,Corporate,60,1,4,3,2,18.220313999584402,1
5897662,33,Corporate,30,0,11,12,2,19.86327477866957,0
2305468,32,Retail,30,2,14,12,7,2.1218409989590414,1
3927975,44,Retail,14,0,3,17,4,4.661063759697173,0
6856228,21,Corporate,14,1,16,1,1,19.007595029641863,0
9014716,54,Wholesale,60,1,15,15,8,19.166553729627736,0
6025633,26,Wholesale,14,2,10,0,2,1.95414550773517,0
2580154,40,Wholesale,60,0,9,18,3,0.2999700075427336,0
2744702,37,Retail,14,1,11,8,5,3.222000465128445,1
3877778,22,Wholesale,14,0,16,2,3,19.920255667644966,0
6235193,58,Retail,30,1,10,6,7,3.5999923322137373,1
8226890,30,Retail,14,1,17,9,7,10.050952134440463,0
6397498,58,Wholesale,14,2,19,0,2,16.96835452861022,0
8857956,43,Wholesale,60,3,2,9,7,0.4080322137641268,1
8704298,38,Corporate,14,2,2,8,6,12.08977964516919,1
9276957,23,Corporate,60,0,6,14,9,5.540508977392486,0
9951337,45,Wholesale,14,0,19,14,9,17.246698328794633,0
6343493,57,Retail,14,1,8,2,2,5.669222985281584,1
3886501,51,Retail,60,1,3,4,7,13.735114405638178,0
7895350,58,Retail,30,3,14,8,5,13.484392648947939,1
5088334,55,Retail,60,2,16,8,6,4.429870977192801,0
8964685,59,Retail,60,1,1,6,1,0.6959839973670023,1
7668362,56,Corporate,60,1,3,11,7,8.184991475707946,0
4827819,52,Wholesale,30,0,18,8,6,5.783863039317394,0
7784953,55,Corporate,14,0,9,5,4,16.179554992274173,1
1755564,22,Retail,60,2,6,1,1,16.007283769106905,0
9014493,28,Retail,60,0,1,8,9,9.14047904385251,1
9430264,27,Retail,30,2,10,16,4,12.13024450646438,1
9559296,52,Retail,60,1,6,0,2,12.085190319738503,1
4924507,25,Wholesale,14,1,12,18,8,16.543162968552465,1
3292427,58,Retail,30,0,4,5,2,8.50004828246395,0
3857679,23,Wholesale,14,3,13,4,5,5.5089335958101815,1
6248035,32,Retail,14,0,17,1,6,5.30069836281095,1
4890020,21,Wholesale,30,0,8,8,8,10.723845585644083,0
3181719,24,Corporate,60,3,3,13,1,8.98296405464425,0
1390695,46,Retail,14,2,12,3,1,8.802415419698724,0
1338761,51,Wholesale,14,0,7,3,4,1.8227467817941445,0
7867664,40,Corporate,14,1,12,14,5,14.372074813803913,0
9388923,27,Retail,14,0,2,7,9,4.274733759638214,1
5852825,57,Retail,30,2,14,3,7,3.9390726041744273,1
9387324,27,Retail,30,3,5,15,7,8.255166405547868,1
3821127,22,Wholesale,14,0,9,3,8,4.555566832356028,0
3059272,22,Wholesale,60,3,11,15,5,11.677165346160308,1
2776106,41,Corporate,14,0,5,11,5,7.42926678668943,0
7460534,25,Wholesale,60,0,3,15,1,8.978234451855801,0
7874592,21,Wholesale,14,1,17,18,9,10.743386432080577,0
7075716,42,Retail,60,1,2,7,6,4.070710449636097,1
2502324,21,Retail,14,0,1,5,9,3.115032457310596,0
6762105,57,Retail,60,0,7,9,3,17.608438057472096,0
7171318,36,Retail,14,1,14,4,5,8.674474056628421,0
994592,54,Retail,14,0,5,17,2,8.241872192650783,1
4078226,53,Retail,60,2,19,9,5,0.7122430054568296,1
6649031,42,Retail,30,1,11,9,8,9.959526051747865,1
2927540,49,Corporate,60,3,2,6,2,11.083394432220002,1
2215630,27,Corporate,30,0,8,17,8,11.17681741909333,0
818408,41,Corporate,14,0,9,0,4,14.140623386457687,1
9356884,55,Corporate,60,2,3,6,1,3.5496366998202356,1
9400019,24,Retail,60,3,2,0,5,5.044462684612377,0
3617172,32,Corporate,60,1,7,14,1,16.214609304608253,0
9772985,48,Retail,30,0,5,3,7,18.94341233686788,0
6804680,50,Corporate,30,1,5,19,8,2.7186549473464128,0
4735042,35,Wholesale,14,1,13,9,3,9.952991090104364,0
2398739,49,Corporate,30,1,6,8,3,4.2835250547917365,1
1517433,35,Corporate,30,0,18,1,7,1.2014633670996488,0
8604010,31,Retail,14,1,2,13,4,6.510066762522708,0
5161029,36,Corporate,60,2,6,15,3,2.873752503684255,0
4178086,35,Wholesale,60,1,9,0,8,14.198661468684925,1
2081530,31,Retail,14,0,3,1,3,10.674508273428888,0
2587258,27,Retail,60,3,1,6,7,2.8766894198062176,1
5356447,39,Corporate,30,2,1,9,2,0.18483176811028734,0
8869066,22,Retail,14,1,19,19,1,16.163140980484254,1
7357658,35,Retail,14,2,5,0,6,3.5238881232849506,0
1496530,49,Retail,14,0,13,12,8,12.12433284441532,0
9659861,42,Retail,60,1,19,0,1,6.738438261534911,0
3101623,47,Retail,14,1,12,4,9,11.709718766300712,0
6731219,59,Retail,14,1,16,15,3,6.31307253964648,1
4608997,24,Wholesale,14,2,19,14,3,1.7387912138450834,1
3864695,39,Corporate,60,3,3,16,4,4.459000171155072,1
1545482,59,Wholesale,30,1,12,15,1,3.761171329581512,0
6286265,20,Retail,14,2,5,12,9,8.560387048792876,0
6408635,49,Retail,30,0,2,10,3,13.165675668523146,0
7987345,40,Corporate,60,0,7,16,4,5.276121498927151,1
1070451,39,Wholesale,60,0,13,16,1,0.24139870601235902,0
8908424,25,Corporate,60,0,15,1,4,10.378747285295137,0
1467344,41,Wholesale,60,0,3,12,1,12.11518978717944,0
2912149,37,Retail,30,1,5,13,5,19.257409880036192,1
5898869,27,Corporate,14,0,8,10,5,11.789416061864937,0
3852252,58,Corporate,60,1,1,9,7,9.423451187562836,0
4232839,51,Retail,60,0,8,2,8,11.468032517954077,0
9927504,52,Corporate,30,1,18,16,4,18.55801259724054,0
7522336,35,Wholesale,30,1,16,14,7,16.567562912032926,1
6268927,31,Wholesale,60,3,18,8,4,6.45957466727616,0
3378604,57,Wholesale,14,2,12,9,3,4.745087273142746,0
4827858,53,Wholesale,14,2,13,7,6,5.252672247321472,1
7933533,33,Retail,60,0,13,12,4,10.08842079430426,1
9152831,55,Corporate,30,2,10,17,3,14.880989024571555,1
6484684,52,Wholesale,60,1,7,4,9,10.064384143659241,0
3194287,42,Retail,60,1,14,5,5,1.3559279165622518,0
7011634,21,Corporate,30,1,16,16,7,14.471614008799618,0
5121056,40,Corporate,60,2,15,10,6,16.119402573419077,1
9476973,21,Retail,60,0,12,19,5,5.789957302394393,0
1203662,46,Retail,60,1,9,15,7,13.282514785667008,1
1805585,28,Wholesale,30,1,8,8,6,8.531838021087868,1
4592097,20,Corporate,14,3,18,1,2,17.782387114548857,0
3159440,30,Corporate,14,0,18,4,3,16.904511163214796,0
4443645,22,Retail,30,2,13,0,2,10.508639966192845,1
4995013,42,Corporate,14,3,18,3,3,13.83011091627189,1
6594467,45,Wholesale,60,1,15,3,1,17.66699402044208,1
6017366,23,Corporate,14,0,4,2,8,9.91434020156551,0
3948678,37,Retail,60,1,17,8,6,6.265014809776439,0
5711593,25,Retail,14,0,5,11,2,15.073322758191626,0
8870262,54,Wholesale,30,1,16,9,8,4.401325095693835,0
5346769,41,Wholesale,14,2,9,1,6,7.770622960120841,0
7949607,34,Corporate,14,1,10,10,7,17.314544742135872,1
4543064,41,Corporate,14,1,18,9,1,14.488446805386301,0
3102967,56,Retail,30,1,17,5,7,8.076220104949986,0
3938550,31,Wholesale,14,1,18,17,3,4.294890048167148,1
576218,57,Wholesale,30,0,7,1,8,7.119367816644731,0
7378974,37,Wholesale,60,3,4,1,6,5.68208298454866,1
1270044,54,Corporate,14,0,5,9,4,3.5217857588770785,1
6079079,49,Wholesale,30,1,16,15,8,14.866658271313133,0
3685714,43,Retail,30,0,3,11,9,5.041397737003431,0
2228096,49,Retail,14,0,18,0,2,9.083349403355276,0
9236347,33,Corporate,60,2,14,7,6,7.717188936722181,0
9360935,25,Corporate,30,1,15,15,5,19.641547572712618,0
8167105,22,Wholesale,14,0,17,17,5,7.8218448829644105,0
3194946,35,Corporate,60,3,1,12,3,1.599649655935096,1
4729215,26,Retail,30,2,17,14,8,1.7965150514416806,1
